VMFXX	https://investor.vanguard.com/investment-products/mutual-funds/profile/vmfxx	//*[@id="Dashboard"]/div[3]/div/div[2]/dashboard-stats/div/div[2]/div[2]/div[2]/div/h4/div/h4[1]
VMRXX	https://investor.vanguard.com/investment-products/mutual-funds/profile/vmrxx	//*[@id="Dashboard"]/div[3]/div/div[2]/dashboard-stats/div/div[2]/div[2]/div[2]/div/h4/div/h4[1]
VMSXX	https://investor.vanguard.com/investment-products/mutual-funds/profile/vmsxx	//*[@id="Dashboard"]/div[3]/div/div[2]/dashboard-stats/div/div[2]/div[2]/div[2]/div/h4/div/h4[1]
VUSXX	https://investor.vanguard.com/investment-products/mutual-funds/profile/vusxx	//*[@id="Dashboard"]/div[3]/div/div[2]/dashboard-stats/div/div[2]/div[2]/div[2]/div/h4/div/h4[1]
SPAXX	https://fundresearch.fidelity.com/mutual-funds/summary/31617H102	//*[@id="app-content-container"]/app-root/mfl-fund-layout/div/mfl-fund-header/div/div[3]/div[1]/mfl-daily-info-snapshot/div[3]/div[2]/mfl-daily-info-section/div/div/div/div
FDLXX	https://fundresearch.fidelity.com/mutual-funds/summary/31617H300	//*[@id="app-content-container"]/app-root/mfl-fund-layout/div/mfl-fund-header/div/div[3]/div[1]/mfl-daily-info-snapshot/div[3]/div[2]/mfl-daily-info-section/div/div/div/div
FDRXX	https://fundresearch.fidelity.com/mutual-funds/summary/316067107	//*[@id="app-content-container"]/app-root/mfl-fund-layout/div/mfl-fund-header/div/div[3]/div[1]/mfl-daily-info-snapshot/div[3]/div[2]/mfl-daily-info-section/div/div/div/div
FMPXX	https://fundresearch.fidelity.com/mutual-funds/summary/316175207	//*[@id="app-content-container"]/app-root/mfl-fund-layout/div/mfl-fund-header/div/div[3]/div[1]/mfl-daily-info-snapshot/div[3]/div[2]/mfl-daily-info-section/div/div/div/div
FTEXX	https://fundresearch.fidelity.com/mutual-funds/summary/316048107	//*[@id="app-content-container"]/app-root/mfl-fund-layout/div/mfl-fund-header/div/div[3]/div[1]/mfl-daily-info-snapshot/div[3]/div[2]/mfl-daily-info-section/div/div/div/div
FZDXX	https://fundresearch.fidelity.com/mutual-funds/summary/31617H805	//*[@id="app-content-container"]/app-root/mfl-fund-layout/div/mfl-fund-header/div/div[3]/div[1]/mfl-daily-info-snapshot/div[3]/div[2]/mfl-daily-info-section/div/div/div/div
SUB	https://www.ishares.com/us/products/239772/ishares-shortterm-national-amtfree-muni-bond-etf	//*[@id="EmbeddedWalrusHtml"]/div/div/div/div/div/div/div/div/div/div/div[1]/walrus-render-on-client/div/div[4]/div/div/dl[1]/div[4]/dd/span/text()
CALI	https://www.ishares.com/us/products/332497/ishares-short-term-california-muni-active-etf	//*[@id="EmbeddedWalrusHtml"]/div/div/div/div/div/div/div/div/div/div/div[1]/walrus-render-on-client/div/div[4]/div/div/dl[1]/div[5]/dd/span/text()
INMU	https://www.ishares.com/us/products/317976/ishares-intermediate-muni-income-active-etf	//*[@id="EmbeddedWalrusHtml"]/div/div/div/div/div/div/div/div/div/div/div[1]/walrus-render-on-client/div/div[4]/div/div/dl[1]/div[4]/dd/span/text()
MEAR	https://www.ishares.com/us/products/272112/ishares-short-maturity-municipal-bond-etf	//*[@id="EmbeddedWalrusHtml"]/div/div/div/div/div/div/div/div/div/div/div[1]/walrus-render-on-client/div/div[4]/div/div/dl[1]/div[4]/dd/span/text()
CMF	https://www.ishares.com/us/products/239731/ishares-california-muni-bond-etf	//*[@id="EmbeddedWalrusHtml"]/div/div/div/div/div/div/div/div/div/div/div[1]/walrus-render-on-client/div/div[4]/div/div/dl[1]/div[4]/dd/span/text()
NYF	https://www.ishares.com/us/products/239767/ishares-new-york-muni-bond-etf	//*[@id="EmbeddedWalrusHtml"]/div/div/div/div/div/div/div/div/div/div/div[1]/walrus-render-on-client/div/div[4]/div/div/dl[1]/div[4]/dd/span/text()
MUB	https://www.ishares.com/us/products/239766/ishares-national-muni-bond-etf	//*[@id="EmbeddedWalrusHtml"]/div/div/div/div/div/div/div/div/div/div/div[1]/walrus-render-on-client/div/div[4]/div/div/dl[1]/div[4]/dd/span/text()
SGOV	https://www.ishares.com/us/products/314116/ishares-0-3-month-treasury-bond-etf	//*[@id="EmbeddedWalrusHtml"]/div/div/div/div/div/div/div/div/div/div/div[1]/walrus-render-on-client/div/div[4]/div/div/dl[1]/div[4]/dd/span/text()
USFR	https://www.wisdomtree.com/us/products/fixed-income/usfr	//div[p[contains(text(), "30-day SEC yield")]]/h3 | /html/body/main/div[2]/div[1]/div[1]/div[3]/div[2]/h3
SWVXX	https://www.schwabassetmanagement.com/products/swvxx	//*[@id="sfm-table--yields"]/table/tbody/tr[1]/td[2]
SNVXX	https://www.schwabassetmanagement.com/products/snvxx	//*[@id="sfm-table--yields"]/table/tbody/tr[1]/td[2]
SNOXX	https://www.schwabassetmanagement.com/products/snoxx	//*[@id="sfm-table--yields"]/table/tbody/tr[1]/td[2]
SNSXX	https://www.schwabassetmanagement.com/products/snsxx	//*[@id="sfm-table--yields"]/table/tbody/tr[1]/td[2]
SWTXX	https://www.schwabassetmanagement.com/products/swtxx	//*[@id="sfm-table--yields"]/table/tbody/tr[1]/td[2]
SWYXX	https://www.schwabassetmanagement.com/products/swyxx	//*[@id="sfm-table--yields"]/table/tbody/tr[1]/td[2]
SWKXX	https://www.schwabassetmanagement.com/products/swkxx	//*[@id="sfm-table--yields"]/table/tbody/tr[1]/td[2]
FSIXX	https://fundresearch.fidelity.com/mutual-funds/view-all/233809300	//*[@id="app-content-container"]/app-root/mfl-fund-layout/div/mfl-fund-header/div/div[3]/div[1]/mfl-daily-info-snapshot/div[3]/div[2]/mfl-daily-info-section/div/div/div/div
VBIL	https://investor.vanguard.com/investment-products/etfs/profile/vbil	//*[@id="Dashboard"]/div[3]/div/div[2]/dashboard-stats/div/div[2]/div[2]/div[2]/div/h4/div/h4[1]
USHY	https://www.ishares.com/us/products/291299/ishares-broad-usd-high-yield-corporate-bond-etf	//*[@id="EmbeddedWalrusHtml"]/div/div/div/div/div/div/div/div/div/div/div[1]/walrus-render-on-client/div/div[4]/div/div/dl[1]/div[4]/dd/span/text()
VTEB	https://investor.vanguard.com/investment-products/etfs/profile/vteb	//*[@id="dashboard"]/fds-dashboard//div/div/div[2]/div/div/fds-info-text-block[5]//div/div/p/text()

IBTG	https://www.ishares.com/us/products/312457/ishares-ibonds-dec-2026-term-treasury-etf	//span[@data-id="fundamentalsAndRisk-fxHedgedYield-data"]	scrape
IBTH	https://www.ishares.com/us/products/312460/ishares-ibonds-dec-2027-term-treasury-etf	//span[@data-id="fundamentalsAndRisk-fxHedgedYield-data"]	scrape
IBTI	https://www.ishares.com/us/products/312463/ishares-ibonds-dec-2028-term-treasury-etf	//span[@data-id="fundamentalsAndRisk-fxHedgedYield-data"]	scrape
IBTJ	https://www.ishares.com/us/products/312466/ishares-ibonds-dec-2029-term-treasury-etf	//span[@data-id="fundamentalsAndRisk-fxHedgedYield-data"]	scrape
IBTK	https://www.ishares.com/us/products/314830/ishares-ibonds-dec-2030-term-treasury-etf	//span[@data-id="fundamentalsAndRisk-fxHedgedYield-data"]	scrape
IBTL	https://www.ishares.com/us/products/319421/ishares-ibonds-dec-2031-term-treasury-etf	//span[@data-id="fundamentalsAndRisk-fxHedgedYield-data"]	scrape
IBTM	https://www.ishares.com/us/products/328944/ishares-ibonds-dec-2032-term-treasury-etf	//span[@data-id="fundamentalsAndRisk-fxHedgedYield-data"]	scrape
IBTO	https://www.ishares.com/us/products/332291/ishares-ibonds-dec-2033-term-treasury-etf	//span[@data-id="fundamentalsAndRisk-fxHedgedYield-data"]	scrape
IBTP	https://www.ishares.com/us/products/337745/ishares-ibonds-dec-2034-term-treasury-etf	//span[@data-id="fundamentalsAndRisk-fxHedgedYield-data"]	scrape
IBTQ	https://www.ishares.com/us/products/342105/ishares-ibonds-dec-2035-term-treasury-etf	//span[@data-id="fundamentalsAndRisk-fxHedgedYield-data"]	scrape
IBTR	https://www.ishares.com/us/products/350028/ishares-ibonds-dec-2036-term-treasury-etf	//span[@data-id="fundamentalsAndRisk-fxHedgedYield-data"]	scrape
IBGA	https://www.ishares.com/us/products/337747/ishares-ibonds-dec-2044-term-treasury-etf	//span[@data-id="fundamentalsAndRisk-fxHedgedYield-data"]	scrape
IBGB	https://www.ishares.com/us/products/342124/ishares-ibonds-dec-2045-term-treasury-etf	//span[@data-id="fundamentalsAndRisk-fxHedgedYield-data"]	scrape
IBGC	https://www.ishares.com/us/products/350030/ishares-ibonds-dec-2046-term-treasury-etf	//span[@data-id="fundamentalsAndRisk-fxHedgedYield-data"]	scrape
IBGK	https://www.ishares.com/us/products/337749/ishares-ibonds-dec-2054-term-treasury-etf	//span[@data-id="fundamentalsAndRisk-fxHedgedYield-data"]	scrape
IBGL	https://www.ishares.com/us/products/342146/ishares-ibonds-dec-2055-term-treasury-etf	//span[@data-id="fundamentalsAndRisk-fxHedgedYield-data"]	scrape
IBGM	https://www.ishares.com/us/products/350032/ishares-ibonds-dec-2056-term-treasury-etf	//span[@data-id="fundamentalsAndRisk-fxHedgedYield-data"]	scrape

IBIC	https://www.ishares.com/us/products/333118/ishares-ibonds-oct-2026-term-tips-etf	//span[@data-id="fundamentalsAndRisk-weightedAvgYieldToMaturity-data" or @data-id="fundamentalsAndRisk-fxHedgedYield-data"]	scrape
IBID	https://www.ishares.com/us/products/333135/ishares-ibonds-oct-2027-term-tips-etf	//span[@data-id="fundamentalsAndRisk-weightedAvgYieldToMaturity-data" or @data-id="fundamentalsAndRisk-fxHedgedYield-data"]	scrape
IBIE	https://www.ishares.com/us/products/333132/ishares-ibonds-oct-2028-term-tips-etf	//span[@data-id="fundamentalsAndRisk-weightedAvgYieldToMaturity-data" or @data-id="fundamentalsAndRisk-fxHedgedYield-data"]	scrape
IBIF	https://www.ishares.com/us/products/333141/ishares-ibonds-oct-2029-term-tips-etf	//span[@data-id="fundamentalsAndRisk-weightedAvgYieldToMaturity-data" or @data-id="fundamentalsAndRisk-fxHedgedYield-data"]	scrape
IBIG	https://www.ishares.com/us/products/333128/ishares-ibonds-oct-2030-term-tips-etf	//span[@data-id="fundamentalsAndRisk-weightedAvgYieldToMaturity-data" or @data-id="fundamentalsAndRisk-fxHedgedYield-data"]	scrape
IBIH	https://www.ishares.com/us/products/333121/ishares-ibonds-oct-2031-term-tips-etf	//span[@data-id="fundamentalsAndRisk-weightedAvgYieldToMaturity-data" or @data-id="fundamentalsAndRisk-fxHedgedYield-data"]	scrape
IBII	https://www.ishares.com/us/products/333079/ishares-ibonds-oct-2032-term-tips-etf	//span[@data-id="fundamentalsAndRisk-weightedAvgYieldToMaturity-data" or @data-id="fundamentalsAndRisk-fxHedgedYield-data"]	scrape
IBIJ	https://www.ishares.com/us/products/333076/ishares-ibonds-oct-2033-term-tips-etf	//span[@data-id="fundamentalsAndRisk-weightedAvgYieldToMaturity-data" or @data-id="fundamentalsAndRisk-fxHedgedYield-data"]	scrape
IBIK	https://www.ishares.com/us/products/337462/ishares-ibonds-oct-2034-term-tips-etf	//span[@data-id="fundamentalsAndRisk-weightedAvgYieldToMaturity-data" or @data-id="fundamentalsAndRisk-fxHedgedYield-data"]	scrape
IBIL	https://www.ishares.com/us/products/342148/ishares-ibonds-oct-2035-term-tips-etf	//span[@data-id="fundamentalsAndRisk-weightedAvgYieldToMaturity-data" or @data-id="fundamentalsAndRisk-fxHedgedYield-data"]	scrape
IBIM	https://www.ishares.com/us/products/350034/ishares-ibonds-oct-2036-term-tips-etf	//span[@data-id="fundamentalsAndRisk-weightedAvgYieldToMaturity-data" or @data-id="fundamentalsAndRisk-fxHedgedYield-data"]	scrape

IBMO	https://www.ishares.com/us/products/308047/ishares-ibonds-dec-2026-term-muni-bond-etf	//span[@data-id="fundamentalsAndRisk-fxHedgedYield-data"]	scrape
IBMP	https://www.ishares.com/us/products/308049/ishares-ibonds-dec-2027-term-muni-bond-etf	//span[@data-id="fundamentalsAndRisk-fxHedgedYield-data"]	scrape
IBMQ	https://www.ishares.com/us/products/308051/ishares-ibonds-dec-2028-term-muni-bond-etf	//span[@data-id="fundamentalsAndRisk-fxHedgedYield-data"]	scrape
IBMR	https://www.ishares.com/us/products/331834/ishares-ibonds-dec-2029-term-muni-bond-etf	//span[@data-id="fundamentalsAndRisk-fxHedgedYield-data"]	scrape
IBMS	https://www.ishares.com/us/products/337460/ishares-ibonds-dec-2030-term-muni-bond-etf	//span[@data-id="fundamentalsAndRisk-fxHedgedYield-data"]	scrape
IBMT	https://www.ishares.com/us/products/342151/ishares-ibonds-dec-2031-term-muni-bond-etf	//span[@data-id="fundamentalsAndRisk-fxHedgedYield-data"]	scrape
IBMU	https://www.ishares.com/us/products/350229/ishares-iBonds-dec-2032-term-muni-bond-etf	//span[@data-id="fundamentalsAndRisk-fxHedgedYield-data"]	scrape
IBMV	https://www.ishares.com/us/products/350118/ishares-iBonds-dec-2033-term-muni-bond-etf	//span[@data-id="fundamentalsAndRisk-fxHedgedYield-data"]	scrape
IBMW	https://www.ishares.com/us/products/350231/ishares-ibonds-dec-2034-term-muni-bond-etf	//span[@data-id="fundamentalsAndRisk-fxHedgedYield-data"]	scrape
IBMX	https://www.ishares.com/us/products/350233/ishares-ibonds-dec-2035-term-muni-bond-etf	//span[@data-id="fundamentalsAndRisk-fxHedgedYield-data"]	scrape

IBDR	https://www.ishares.com/us/products/285027/ishares-ibonds-dec-2026-term-corporate-etf	//span[@data-id="fundamentalsAndRisk-fxHedgedYield-data"]	scrape
IBDS	https://www.ishares.com/us/products/290315/ishares-ibonds-dec-2027-term-corporate-etf	//span[@data-id="fundamentalsAndRisk-fxHedgedYield-data"]	scrape
IBDT	https://www.ishares.com/us/products/304570/ishares-ibonds-dec-2028-term-corporate-etf	//span[@data-id="fundamentalsAndRisk-fxHedgedYield-data"]	scrape
IBDU	https://www.ishares.com/us/products/310035/ishares-ibonds-dec-2029-term-corporate-etf	//span[@data-id="fundamentalsAndRisk-fxHedgedYield-data"]	scrape
IBDV	https://www.ishares.com/us/products/314496/ishares-ibonds-dec-2030-term-corporate-etf	//span[@data-id="fundamentalsAndRisk-fxHedgedYield-data"]	scrape
IBDW	https://www.ishares.com/us/products/319154/ishares-ibonds-dec-2031-term-corporate-etf	//span[@data-id="fundamentalsAndRisk-fxHedgedYield-data"]	scrape
IBDX	https://www.ishares.com/us/products/328675/ishares-ibonds-dec-2032-term-corporate-etf	//span[@data-id="fundamentalsAndRisk-fxHedgedYield-data"]	scrape
IBDY	https://www.ishares.com/us/products/332289/ishares-ibonds-dec-2033-term-corporate-etf	//span[@data-id="fundamentalsAndRisk-fxHedgedYield-data"]	scrape
IBDZ	https://www.ishares.com/us/products/337465/ishares-ibonds-dec-2034-term-corporate-etf	//span[@data-id="fundamentalsAndRisk-fxHedgedYield-data"]	scrape
IBCA	https://www.ishares.com/us/products/342119/ishares-ibonds-dec-2035-term-corporate-etf	//span[@data-id="fundamentalsAndRisk-fxHedgedYield-data"]	scrape
IBCB	https://www.ishares.com/us/products/350212/ishares-ibonds-dec-2036-term-corporate-etf	//span[@data-id="fundamentalsAndRisk-fxHedgedYield-data"]	scrape

IBHF	https://www.ishares.com/us/products/316512/ishares-ibonds-2026-term-high-yield-and-income-etf	//span[@data-id="fundamentalsAndRisk-fxHedgedYield-data"]	scrape
IBHG	https://www.ishares.com/us/products/319422/ishares-ibonds-2027-term-high-yield-and-income-etf	//span[@data-id="fundamentalsAndRisk-fxHedgedYield-data"]	scrape
IBHH	https://www.ishares.com/us/products/326459/ishares-ibonds-2028-term-high-yield-and-income-etf	//span[@data-id="fundamentalsAndRisk-fxHedgedYield-data"]	scrape
IBHI	https://www.ishares.com/us/products/326462/ishares-ibonds-2029-term-high-yield-and-income-etf	//span[@data-id="fundamentalsAndRisk-fxHedgedYield-data"]	scrape
IBHJ	https://www.ishares.com/us/products/332287/ishares-ibonds-2030-term-high-yield-and-income-etf	//span[@data-id="fundamentalsAndRisk-fxHedgedYield-data"]	scrape
IBHK	https://www.ishares.com/us/products/337468/ishares-ibonds-2031-term-high-yield-and-income-etf	//span[@data-id="fundamentalsAndRisk-fxHedgedYield-data"]	scrape
IBHL	https://www.ishares.com/us/products/342115/ishares-ibonds-2032-term-high-yield-and-income-etf	//span[@data-id="fundamentalsAndRisk-fxHedgedYield-data"]	scrape
IBHM	https://www.ishares.com/us/products/350096/ishares-ibonds-2033-term-high-yield-and-income-etf	//span[@data-id="fundamentalsAndRisk-fxHedgedYield-data"]	scrape

7555	https://investor.vanguard.com/mutual-funds/profile/pe/overview/7555?dbOnly=false&crossover=false&planSummaryMask=425886&FundIntExt=INT&InstFund=true&RedemptionFee=true&intPort=7555&SelectedPlanId=093926	//*[@id="ng-app-fundprofile"]/div/div[2]/div[2]/div[3]/div/div/div[2]/div[4]/div[1]/table/tbody/tr[1]/td[2]
7553	https://investor.vanguard.com/mutual-funds/profile/pe/overview/M219?dbOnly=false&crossover=false&planSummaryMask=425886&FundIntExt=INT&InstFund=true&RedemptionFee=true&intPort=M219&SelectedPlanId=093926	//*[@id="ng-app-fundprofile"]/div/div[2]/div[2]/div[3]/div/div/div[2]/div[4]/div[1]/table/tbody/tr[1]/td[2]
M219	https://investor.vanguard.com/mutual-funds/profile/pe/overview/M219?dbOnly=false&crossover=false&planSummaryMask=425886&FundIntExt=INT&InstFund=true&RedemptionFee=true&intPort=M219&SelectedPlanId=093926	//*[@id="ng-app-fundprofile"]/div/div[2]/div[2]/div[3]/div/div/div[2]/div[4]/div[1]/table/tbody/tr[1]/td[2]
8561	https://investor.vanguard.com/mutual-funds/profile/pe/overview/8561?dbOnly=false&crossover=false&planSummaryMask=425886&FundIntExt=INT&InstFund=true&RedemptionFee=true&intPort=8561&SelectedPlanId=093926	//*[@id="ng-app-fundprofile"]/div/div[2]/div[2]/div[3]/div/div/div[2]/div[4]/div[1]/table/tbody/tr[1]/td[2]
